Country_Name,no_of_holidays,avg_gdp,Average_PPP,Average_grads,Population,Average_Income,Compensation of employees (% of expense),Consumer price index (2010 = 100),Duration of compulsory education (years),Gross savings (% of GDP),"Health expenditure, private (% of GDP)","Labor force, total","Life expectancy at birth, total (years)",Unemployment_Rate,Population ages 0-14 (% of total),Population ages 15-64 (% of total),Population ages 65 and above (% of total),Average Democratic Index,Average GDP Growth,Household final expenditure (% of GDP)
Afghanistan,2,"16,246,762,310.10",140.7615423,5562.888889,28994257.89,213.58,24.70431963,112.176485,9,-6.844229382,6.056004666,7280460.5,59.13045732,8.199999809,46.56843568,51.10663782,2.324926501,2.676666667,7.940701266,106.8422131
Albania,10,12253196915,536.0080572,16523,2915819,434.19,25.65417966,102.1920097,8.375,18.69209722,2.993920388,1273750.25,77.14439634,14.375,20.94949919,67.95997746,11.09052335,5.813333333,3.352222222,79.76252608
Algeria,7,1.78E+11,695.1410173,162914.8889,36828280.67,346.48,34.89261603,106.3991045,10,49.67534518,1.542433853,11441415.88,73.9017378,10.8375001,27.7246816,66.69332282,5.581995576,3.596666667,3.088888889,33.51945332
Andorra,15,2758981042,3526.279497,31.11111111,80132.22222,2731.12,0,0,10,0,1.765005236,0,0,0,0,0,0,,-3.472625645,
Angola,7,97398916879,238.4050752,1505.222222,22010204.78,2650.03,35.69537944,112.6996635,6,17.49350653,1.261544411,7819153.25,50.85558537,0,48.08013295,49.57709224,2.342774812,3.244444444,7.325533461,51.94143388
Antigua and Barbuda,10,1225781551,1122.582578,77.66666667,88133.77778,0,39.74687487,102.7150533,11,11.99306682,1.613704247,0,75.38028964,0,25.83466377,66.95438356,7.210952669,,0.10719794,68.32360065
Argentina,12,4.62E+11,1194.293075,178350.5556,41673244.89,1018.58,0,105.5,13.125,18.26938611,2.353414631,18750465.25,75.57435671,7.612500012,25.77686389,63.69488682,10.52824929,6.826666667,2.740081425,63.67937802
Armenia,11,10318366762,302.311806,22417,2983903.444,312.89,22.60118891,104.8636592,11,19.39776367,2.369761146,1464818.25,74.25797866,19.19999995,19.84961107,69.44762883,10.7027601,4.06,3.388801481,80.22192879
Aruba,8,1440754190,0,237.7777778,102239.2222,2833.33,0,100.8981939,13,0,0,0,75.00513415,8.150000095,20.08192843,69.27428254,10.64378903,,-5.396476797,57.67491132
Australia,8,1.25E+12,3932.793405,232495.4444,22359015.11,3780.69,10.52448668,102.5327344,10,23.52537994,2.939788228,11754823.38,81.78353659,5.187499881,18.98058266,67.14070693,13.87871041,9.111111111,2.721603141,55.30250735
Austria,12,4.09E+11,4574.310365,54464.00174,8419709.111,2457.33,10.47299314,103.1138904,9,26.22461827,2.680956052,4348181.875,80.73963415,4.93750006,14.69467143,67.40342221,17.90190636,8.527777778,0.95380612,53.18569107
Azerbaijan,18,57287243306,821.4336213,38383.77778,9157596.667,524.84,16.65717477,0,9,42.83115518,4.202392603,4577279.25,70.39937805,5.5,22.68416565,71.42017121,5.895663144,3.022222222,6.805446082,39.92842622
"Bahamas, The",11,8249617492,1703.890761,0,366052.1111,3025,0,102.0381879,11,13.29542207,4.009269174,207967.125,74.66240854,12.45000005,22.44476096,70.28401756,7.271221483,,-0.221347326,68.82271335
Bahrain,12,28318117612,1614.930743,1773.666667,1258735.889,1226.79,47.08919763,101.3948184,9,31.36184564,1.244152114,688549.625,76.19691464,1.166666707,21.03283329,76.77447443,2.192692277,3.018888889,4.417060996,38.02087307
Bangladesh,13,1.30E+11,74.71369568,125897.8889,153584591.2,340.22,21.10686687,110.494191,5,37.75872783,1.994054049,73708559.63,70.26315854,4.75,31.53969423,63.70671765,4.753588112,5.813333333,6.144721603,74.29801139
Barbados,11,4438444444,981.6089049,977.5555556,280420.1111,1625,28.51306804,105.1487182,11,2.893887511,2.320312962,159648.375,74.92661585,10.08571441,19.78519773,67.35636945,12.85843282,,0.04968489,76.63125245
Belarus,7,59735344204,888.6960898,108641,9498222.222,502.19,11.49367037,0,9,28.23000291,1.760277665,4470914,71.17969512,1.599999994,15.21682495,70.68051199,14.10266306,3.345555556,3.658319134,52.36200261
Belgium,8,4.99E+11,3960.285349,69179.66667,10989277,2564.89,6.399404242,102.6428064,12,24.69744294,2.3226775,4860709,80.22195122,7.774999976,16.8565601,65.66373645,17.47970344,8.015555556,1.063853741,51.56923115
Belize,10,1506695478,436.247723,366.8888889,329020.8889,1441,40.19009505,101.0989982,8,12.45886918,1.893851577,137136,69.79245732,13.2199997,35.03444018,61.25305604,3.712503776,,2.304018711,69.39521515
Benin,10,7807025210,78.15358138,5503.111111,9784629.778,0,48.20660958,102.7239281,6,14.12373544,2.319283224,3979497.875,58.77129573,1,43.2127948,53.9075875,2.879617702,5.928888889,4.303788412,71.70884539
Bermuda,10,4468642889,0,78.22222222,65073.11111,4250,0,0,13,53.13120716,0,0,80.1309939,6.533333143,0,0,0,,-1.95567081,54.19164674
Bhutan,17,1629769994,311.5103207,181,730552.1111,0,36.96779987,112.2535281,0,33.14370999,0.88889879,365776.5,68.01343293,3.099999973,29.51888295,65.86017099,4.620946056,4.485555556,7.60268926,48.15467022
Bolivia,9,23853778749,317.2600352,0,10080218.33,564.23,22.21606867,109.2136919,12.5,23.84430052,1.720506521,4734373.875,66.60864329,3.550000012,34.22057577,59.74179522,6.037629009,5.854444444,5.069768959,62.87899318
Bosnia and Herzegovina,15,17572019359,857.4779875,16293.11111,3829487.667,562.45,28.06469249,101.2592593,9,11.75361123,2.834161202,1474000,75.89272256,26.8714289,14.4270953,71.55721889,14.01568581,5.183333333,1.732621406,82.31886554
Botswana,6,13376995142,773.5345987,2460.333333,2092755.556,528.84,40.4127073,107.4743907,0,39.51585498,1.986303018,1060989.125,62.85211586,17.89999962,32.98903363,63.56287969,3.448086672,7.752222222,4.305334416,48.82840682
Brazil,12,2.08E+12,1189.989849,783603,200441521.6,757.92,14.73640608,108.3982729,12.75,16.60441394,4.615428453,104304035.9,73.40858232,6.800000055,24.8820416,68.18494921,6.933009194,7.164444444,2.629507113,61.19985781
British Virgin Islands,8,0,0,0,27687.66667,3200,0,0,12,0,0,0,0,0,0,0,0,,,
Brunei Darussalam,10,14677355574,1771.601598,1682.888889,399184.7778,2228.21,0,100.7991756,9,58.31215514,0.212206485,192311.25,77.75500305,1.700000048,24.82971357,71.44852117,3.721765254,,-0.148348079,17.56166814
Bulgaria,9,52553097480,1100.003512,52946.55556,7355466.778,506.76,17.69255462,101.1425751,10,20.19711571,3.191260314,3416118.75,73.91219512,9.674999953,13.68481208,67.56823619,18.74695173,6.907777778,1.879059298,63.91082498
Burkina Faso,8,10015882823,87.94457397,6970.111111,16138657.89,0,44.41917343,102.1551346,10,19.13025059,2.712662218,7134476.625,57.10849085,3.299999952,46.16808901,51.37258441,2.459326584,3.962222222,5.351031065,63.34722408
Burundi,7,2272859256,58.72002176,2647.555556,9812415.444,256.25,0,113.9869616,0,10.0415183,3.949033309,4421952.125,55.07155793,1.600000024,44.38823388,53.05204312,2.559723007,3.585555556,3.405480329,76.34033799
Cabo Verde,9,1737218215,267.4716295,0,497761,191.18,42.86202441,102.5881067,8.5,33.41536712,1.143825598,224095.75,72.64189634,10.69999981,31.86031486,62.86416636,5.275518786,7.833333333,3.463972404,63.37754409
Cambodia,8,13086734069,149.9981555,7230.222222,14620026.22,243.94,36.77738924,103.3089892,0,14.19534881,4.302384956,7971840.25,66.52544207,0.483333346,33.1363493,63.05907618,3.80457452,4.695555556,6.541381521,79.53489023
Cameroon,6,26070413699,120.8536396,12292,21157846.44,466.74,0,102.8553868,6,13.11373089,3.466272291,8273403.125,53.9442622,3.5,43.28240692,53.47037889,3.247214187,3.436666667,4.147937934,75.96088672
Canada,8,1.64E+12,4395.02916,0,34379192.56,2773.5,11.44916901,102.3198499,10,21.31928271,3.110598797,19015382.88,81.32719207,7.162500083,16.43973361,68.95794758,14.60231881,9.085555556,1.539217345,56.0607875
Cayman Islands,11,0,0,46,56201,3313.01,0,0,12,0,0,0,0,5.685714279,0,0,0,,,
Central African Republic,10,1859620773,30.97548684,68.33333333,4539405,0,34.02737858,113.4589277,0,0,1.977647464,2107385.625,48.06563415,0,40.24536998,55.853178,3.901452021,1.695555556,-1.336554613,93.66120744
Chad,8,11243017844,60.48383867,0,12345605.44,0,0,102.5499875,10,0,1.793986733,4468484.875,50.07833537,0,48.4969921,48.95671797,2.546289931,1.547777778,5.273046591,68.07288996
Chile,11,2.26E+11,1379.657874,84557.11111,17203334.33,949.5,20.6447077,106.8434793,12.25,22.1003103,3.81002544,8032773.75,80.420875,7.442857197,21.56053769,68.50098517,9.938477142,7.75,3.625098601,61.29731292
China,17,7.32E+12,499.8853463,7460022.778,1344355556,731.14,0,108.7763889,9,50.32963043,2.325266357,787935234.5,75.0871128,3.974999964,17.55209821,73.92318464,8.52471715,3.063333333,9.253774153,36.5031779
Colombia,17,3.03E+11,768.6890506,190834.8889,46362289.78,474.66,18.1286621,103.0932173,10,18.79057241,1.746624108,22624338.5,73.3594939,10.72500014,26.01131494,67.86249006,6.126195001,6.571111111,4.338588918,62.4074956
"Congo, Dem. Rep.",8,24855912964,25.55062982,0,68278133.67,351.83,33.77009645,104.5809257,6,9.46404642,2.580087737,25866476.13,57.02568293,0,46.40762761,50.65809813,2.934274263,2.097777778,6.75899777,77.9074987
"Congo, Rep.",7,11863900112,184.4039838,0,4172061,0,25.55099643,101.8962021,10,15.15159464,0.935715472,1674683.5,59.37371951,0,42.3156506,54.06034927,3.624000125,2.933333333,4.477587391,43.10298422
Costa Rica,8,39808325715,1222.502507,34484.22222,4595447.667,779.04,46.40472969,103.5156411,11,0,2.618982037,2172241.375,78.83604268,7.275000095,24.16807803,68.05510376,7.776818213,8.024444444,3.852772343,
Cote d'Ivoire,12,27050158776,169.9678213,0,20680933.44,0,45.61934456,103.2419567,0,14.81754395,4.50657872,7775881.125,50.26239634,9.399999619,43.3543851,53.64722911,2.998385787,3.322222222,4.715040828,66.01321166
Croatia,9,59481369457,1608.815278,21529,4331558.778,869.71,25.4279427,102.0211962,8,21.08970511,1.287807801,1914007.75,76.55222561,12.92499971,15.31281351,66.77225823,17.91492827,6.898888889,-0.45889958,59.28759946
Cuba,8,51677276667,1953.879732,114299.7778,11330804,25.05,0,0,9,0,0.507233823,5245567,78.95933232,2.514285718,17.39345728,69.84411841,12.76242432,3.513333333,3.388543154,51.48359629
Curacao,9,0,0,22.33333333,150684.6667,1101.83,0,101.5843279,14,0,0,0,76.42536585,0,19.59054505,66.86648278,13.54297216,,,
Cyprus,10,24520261417,2165.1793,4941,1115642,1618.85,33.65401121,100.8857188,9,12.50608285,3.91863025,582739.125,79.48657622,8.875000089,17.64674166,70.51369231,11.83956603,7.448888889,-0.045722649,66.40035608
Czech Republic,10,2.07E+11,1965.585866,87239.33333,10466609.78,1020.48,7.73102915,101.857915,9,24.74978524,1.16879679,5258905,77.57530488,6.3125,14.52742749,69.43040634,16.04216617,8.076666667,1.518384424,48.31696593
Denmark,8,3.29E+11,4468.848881,51276.77778,5569154.444,3269.62,11.02298811,101.7055082,9.625,25.83949605,1.618132783,2930999.625,79.37987805,6.174999982,17.74368903,65.09413803,17.16217295,9.377777778,-0.030152163,47.98041446
Djibouti,3,1073551781,236.9116814,70.77777778,842589.6667,0,0,103.6866708,10,0,3.225904521,282269.125,60.52565244,0,34.10718697,62.06735361,3.825459418,2.671111111,5.136674727,57.45920514
Dominica,12,490923189.3,535.8399156,0,71550.11111,513.89,42.19037751,100.337138,11,-0.789934642,1.659158137,0,0,0,0,0,0,6.441111111,1.648798915,82.65316425
Dominica,9,56168039368,476.2899506,9182.333333,10022718.33,491.37,35.30668247,105.9181445,11.75,19.58357859,1.822588429,4446069.375,72.83403658,14.51249981,31.16235012,62.63817998,6.199469891,6.441111111,1.648798915,82.65316425
Ecuador,11,78758093667,642.5599067,33744.22222,15176049.44,359.29,0,104.279849,12.5,26.94793923,3.776635732,7141461.5,75.15221342,5.342857088,30.40994092,63.38369032,6.206368765,5.774444444,3.916227924,61.62201202
"Egypt, Arab Rep.",13,2.37E+11,503.1237894,174297.5556,84135009.44,264.33,24.47909594,110.4526796,9.375,16.36569277,3.111790936,27411454.25,70.44339329,10.55714267,32.37180576,62.60123364,5.0269606,3.587777778,4.067853211,77.4449148
El Salvador,8,22869233333,508.4889596,16934.88889,6055740.111,365,38.84974778,102.1408516,9.75,9.630834317,2.498534939,2607466.375,71.79384146,6.442857197,29.77987578,62.7306364,7.489487821,6.485555556,1.463459103,93.49730689
Equatorial Guinea,10,14114588469,1179.943888,0,752840,1087.5,20.58345437,100.8392475,6,0,0.722292485,385355.25,56.15322561,0,39.93636384,57.07593703,2.987699124,1.846666667,3.026861625,24.40568413
Estonia,6,22922860506,1422.086193,8926.666667,1326492.778,914.97,20.90656917,103.5633242,9,25.71361062,1.278377294,694879.375,75.47195122,9.825000166,15.35479296,66.77978595,17.86542109,7.707777778,0.827807919,51.91123022
Ethiopia,9,38800752869,60.39910214,43477.88889,89977028,249,17.11174858,134.3612723,0,32.10667743,2.354659776,41750443.5,61.49007622,15.87999992,43.75670007,52.9069913,3.336308632,3.934444444,10.43254035,71.56147611
Faroe Islands,9,1854272912,0,0,48445,2470.36,0,0,9,22.91801271,0,0,80.78292683,3.814285789,0,0,0,,,55.1607633
Fiji,8,3756189212,297.808019,0,865589.7778,710.22,34.9775877,104.4651345,0,11.88502344,1.261043303,335879.25,69.47099085,8.866666635,29.16332087,65.76495108,5.071728043,4.697777778,2.603313226,74.03774681
Finland,9,2.60E+11,3398.168549,38379.77778,5387675.778,2924.1,9.268743443,103.109789,10,22.98214712,2.252931138,2715538,80.20304878,7.787499905,16.53855618,65.46672586,17.99471795,9.103333333,0.057469143,53.0396176
France,11,2.72E+12,4089.825748,450841,65378307,2761.99,19.7031139,101.6658908,11,20.77766446,2.467949986,29766907.75,81.76006098,9.074999988,18.4729037,63.94153596,17.58556033,7.928888889,0.703341744,55.55146069
Gabon,10,15537704176,529.623164,0,1579790,1704.12,0,101.80077,10,0,1.242442264,584704.5,62.40088415,20.39999962,37.80903099,56.86792607,5.323042936,3.452222222,3.98663213,31.52838031
"Gambia, The",9,798801996.4,96.79930015,702.6666667,1755253.778,39.37,27.40766378,103.1607964,9,17.59452547,2.377917459,716848.375,59.42966768,29.79999924,46.37028799,51.18280237,2.446909639,3.432222222,3.80531167,83.25019855
Georgia,11,13585454825,576.0186477,25346.88889,3877555.556,299.37,16.91999025,101.8352033,9,13.14496496,7.061721259,2076977.125,74.07220122,15.01249993,17.17034011,68.51983735,14.30982255,5.328888889,4.610290016,74.28262011
Germany,14,3.59E+12,4469.340878,57982.72917,81645288.89,2851.85,5.865968412,102.1140651,12,26.39752631,2.594858056,42098054.63,80.30213415,6.549999952,13.38091815,65.9914171,20.62766476,8.546666667,1.195730293,55.42805124
Ghana,12,35247814084,156.2231601,25683.77778,24945427.67,351.22,37.24234005,113.6848902,11,15.54299084,1.486892428,10340226.38,60.60880488,4.699999809,39.15304042,57.36991948,3.477040095,6.114444444,7.199582384,73.20752026
Gibraltar,11,0,0,0,31044.55556,3990.69,0,0,10,0,0,0,0,0,0,0,0,,,
Greece,9,2.78E+11,2591.958493,36016.77778,11020659.78,953.44,21.3190223,99.54454171,9.625,8.494076303,3.229065788,5040330.625,80.48628049,16.78749985,14.62405682,65.6947789,19.68116428,7.695555556,-2.931323059,68.94270205
Greenland,8,2073746274,0,0,56522.55556,2744.84,0,0,10,0,0,0,70.64878049,9.549999714,0,0,0,,0.14899419,
Grenada,13,826421390.9,699.0549836,0,105124.2222,1250,48.5492496,100.6376166,12,-0.756156638,3.223426513,0,72.6481311,0,27.3759869,65.35596889,7.268044213,,1.724641177,83.74986066
Guatemala,9,47414691444,440.5215627,2989.333333,15057981.44,570.79,28.71336201,105.3236832,10.625,12.73842959,4.200594349,6145849,70.90381707,3.24000001,38.59689112,56.84841815,4.554690732,5.934444444,3.570345852,86.35054708
Guinea,9,5365051665,53.24706995,3639.444444,11342890.44,0,0,123.7928907,6,-8.448256167,2.773676072,4551841.125,56.52829573,1.650000036,43.2013847,53.67615729,3.122458011,2.734444444,2.111500667,92.56513612
Guinea-Bissau,6,947400835,83.00046131,0,1678863.111,0,0,102.5342441,9,2.342132379,4.639074528,709095.25,53.99532317,0,41.44045218,55.41529952,3.144248294,1.833333333,3.3166919,90.18828453
Guyana,14,2512073870,315.2931978,1085.888889,756016.5556,209.33,0,102.5516398,6,10.14635558,2.071960804,309118.625,66.08905793,0,32.53210678,62.94218892,4.525704301,6.075555556,4.334266037,89.03837612
Haiti,12,7461628017,123.3726908,0,10140302.33,712.5,0,109.255946,6,25.07914561,6.334105116,4227294.625,61.40810975,0,35.45352933,60.05485693,4.491613735,4.006666667,2.044206572,97.39026169
Honduras,8,16751157228,376.0589758,9767.888889,7613724.889,522.86,49.686338,106.5718947,10.5,18.2673463,4.553473458,3040557.75,72.48952744,3.733333389,35.00639402,60.48857544,4.505030546,5.923333333,3.244845562,79.0583657
"Hong Kong SAR, China",13,2.51E+11,0,0,7092466.667,2495.86,23.49679128,106.6286335,9,29.4660589,0,3705655.25,83.14634146,3.800000012,12.09974554,74.47968552,13.42056894,6.215555556,3.069215646,63.21096555
Hungary,8,1.35E+11,1668.293592,53256.66667,9956996.222,667.58,13.76653049,102.3733704,9.5,21.17152671,2.622024494,4330516.375,74.54085366,9.537499964,14.6918743,68.36772095,16.94040475,7.066666667,0.544497709,52.38737366
Iceland,10,15865302773,3585.722093,2091.333333,320802.5556,2176.15,24.1987004,101.7336542,10,12.08196152,1.646732143,188383.5,82.01371951,5.412499994,20.8694189,66.59214647,12.53843463,9.624444444,1.728073056,52.72029035
India,15,1.68E+12,199.5377937,982892.2222,1246533224,452.11,8.681283495,110.264854,8,35.78720896,3.182267226,477537079,66.68461585,4.125,30.46443202,64.30703607,5.228531902,7.637777778,7.215720762,55.926514
Indonesia,14,7.46E+11,247.9258619,380809.2222,244874318,304.25,14.52157203,106.3715766,9,30.5698834,1.782967619,117619239.4,68.23554878,7.162499964,28.55808242,66.43215314,5.009764438,6.704444444,5.6429289,57.71792027
"Iran, Islamic Rep.",17,4.13E+11,1115.951713,378952,75291396.11,447.61,37.59630052,150.9729613,8,0,4.263363832,25452889,74.12635366,11.25,23.65169537,71.39679842,4.951506205,2.235555556,2.313089963,47.64801718
Iraq,12,1.67E+11,447.813574,0,32117232.11,572.85,44.32296649,104.0811968,6,25.96443055,1.440186011,7747743.125,68.68399695,11.6500001,41.58800099,55.19943526,3.212563751,4.07,5.613629366,47.18770674
Ireland,9,2.44E+11,3788.740563,32864.22222,4555992.111,2991.21,23.86398754,103.3038251,10,21.28332447,2.484429354,2205865.625,80.55823171,11.32499999,21.02037653,67.29724801,11.68237546,8.814444444,3.509489021,44.5446123
Israel,11,2.51E+11,2250.12318,0,7770000,1874.63,22.07629185,101.2489159,12.5,22.49142756,2.841679904,3316530.75,81.50426829,6.125,27.52756638,61.89323724,10.57919638,7.564444444,3.719040152,56.29502449
Italy,14,2.15E+12,3204.574955,173560.6667,59598018,2117.76,14.64753192,102.3812831,12,18.2080526,2.18405077,24929547.75,82.05,9.099999845,13.95314303,65.10922906,20.93762791,7.853333333,-0.7243323,60.7351203
Jamaica,10,13674326542,451.9091241,2830.777778,2697270.222,1080.44,25.23635418,106.8500366,6,12.78972937,2.412125041,1269043.125,74.90882622,12.21428558,26.39141751,65.03733705,8.571245432,7.315555556,-0.208973333,83.81176716
Japan,14,5.03E+12,3301.06727,887255.2222,127665406.6,2782.43,6.936891376,101.0417566,9,23.67723646,1.690724302,66085901.5,82.93448171,4.175000042,13.21528894,63.16222811,23.62248295,8.083333333,0.47457026,57.71096507
Jordan,11,28449096459,848.7118335,19158.66667,6726057.778,636.99,41.11988732,103.9442903,10,17.03108117,2.70438169,1761414.625,73.5107439,12.69999995,36.45843338,59.82938876,3.712177863,3.842222222,4.082419878,80.13269448
Kazakhstan,15,1.75E+11,828.8327804,79745,16532124.89,614.24,7.252000997,107.0236545,10,27.46238491,1.74412566,8849266.375,68.86393293,5.912500024,24.93887049,68.15034916,6.910780348,3.212222222,4.922222222,48.55562733
Kenya,10,46348039425,124.1142333,0,41518109,481.21,36.09348442,112.8543725,12,12.65867699,2.408964586,15692312.5,58.91752134,0,42.44301261,54.85053721,2.706450173,4.991111111,5.125930276,78.4850304
Kiribati,8,151531850.2,188.4292563,0,104520,0,41.38350574,0,9,0,1.95053224,0,65.41257012,30.60000038,35.78473058,60.62205293,3.593216487,,1.821029172,
"Korea, Dem. People’s Rep.",13,0,NA,0,#N/A,0,0,0,11,0,0,14890901.63,69.1226189,0,22.41542133,68.63749031,8.947088361,1.05,,
"Korea, Rep.",15,1.18E+12,2086.705249,403976.3333,49687033.78,2174.36,10.33680402,102.0837778,8.571428571,34.1054668,3.02340891,25284750.63,80.75902439,3.362500012,15.83789091,72.67235782,11.48975127,8.022222222,3.368957166,51.07147038
Kosovo,10,6226831058,0,0,1782459.667,0,0,104.4127847,0,19.55348527,0,0,70.08567074,42.5250001,26.6075912,66.7370034,6.738203367,,3.620549877,88.08519603
Kuwait,8,1.40E+11,2115.435144,1412.888889,3231364.889,2236.71,0,102.9827638,9,51.72779628,0.420802215,1634298.125,74.1845061,2.059999967,23.48594921,74.57801942,1.936031374,3.682222222,2.086590304,29.36455202
Kyrgyz Republic,11,5844980896,188.9863162,33560.33333,5561355.556,350,29.46650653,110.6319873,9,17.11751769,2.892607434,2561817.25,69.36981707,8.37142849,30.41343654,65.04682558,4.539737881,4.628888889,4.848459103,88.79068646
Lao PDR,8,8395468683,104.495751,16561,6367781.889,281.33,48.95557775,107.2648665,5,15.91666285,1.613513002,3098680.25,64.5265122,0,36.65510418,59.62459843,3.720297396,2.191111111,7.87313636,69.88095062
Latvia,7,29025490145,859.5882012,20972.66667,2077307.556,713.11,17.7030241,101.7984074,10.25,22.42751399,2.346315562,1080809.25,73.19085366,13.08750004,14.34810924,67.01106755,18.6408232,7.217777778,,60.9874283
Lebanon,10,38558535789,1090.94084,18665.22222,4775499.667,937.16,21.49390598,107.8062388,9,12.84617509,4.245273945,1651728,78.5431311,9,24.328197,67.5100868,8.161716202,5.28,,79.88946701
Lesotho,9,1825977859,232.9827296,1841.222222,2038490,1017.82,39.73304396,105.6949542,7,0,2.730598706,833964.875,47.60340854,24.84999943,37.36452001,58.35239645,4.283083539,6.475555556,4.439088813,
Liberia,8,1481145800,79.3525468,839,4048668.889,0,40.53220009,104.9763253,6,-6.581743737,7.871928388,1389768.75,59.37926524,4.649999977,43.09485677,53.85482007,3.050323151,5.08,5.964593553,163.9657236
Libya,8,60540337915,817.9201873,0,6221184.111,644.09,0,105.9990751,9,71.5776868,1.13695693,2341722.875,71.718875,19,29.23665878,66.46423193,4.299109283,3.066666667,-9.765019778,17.75296271
Liechtenstein,16,3388567246,0,174.4444444,36513,0,0,0,9,0,0,0,82.00213415,2.579999971,0,0,0,,1.322189607,
Lithuania,8,42726212455,1473.216733,33383.66667,3056207.333,701.28,15.74698798,101.6147843,9,17.79879602,1.95819514,1547761.875,73.02530488,11.61249983,14.83611462,67.34251536,17.82137002,7.4,2.068356471,63.95693165
Luxembourg,10,56372484189,6454.839601,560.3333333,521336.3333,4479.8,17.01873333,102.7639295,10.5,21.8740195,1.067407408,241688.75,80.9472561,5.050000012,17.35694575,68.62543492,14.01761933,8.921111111,,32.400416
"Macao SAR, China",5,35760553923,0,5839.333333,543816.4444,0,32.07824398,108.3740511,10,52.69848641,0,332515.875,79.80113415,2.549999982,13.25764838,79.01172763,7.73062399,,,23.62311951
"Macedonia, FYR",21,9946390103,768.382978,8471.666667,2065537.222,386.85,18.20409436,103.4104294,9,24.26781984,2.287170912,933238.25,74.81326829,31.53750014,17.9819144,70.53621602,11.48186958,6.075555556,,73.94062497
Madagascar,10,9494863075,59.35966006,9579.111111,21730812.67,533.33,51.47450862,108.0824055,5,8.231927093,1.933241916,10773915.75,63.57865549,2.549999952,43.05570633,54.09583065,2.848463023,4.65,2.525050748,85.34219118
Malawi,8,6118810845,79.17786156,144.3333333,15281087.56,1098.99,25.68079829,135.3876091,0,13.3910133,4.721416874,6743585.125,57.43206402,6.400000095,45.93059182,50.80907372,3.260334456,5.624444444,5.878660959,79.21526682
Malaysia,20,2.72E+11,823.9155774,192819.3333,28555758.78,979.6,28.77909767,103.0302144,6,32.88234599,1.719024017,12264461.88,74.24205183,3.212500006,26.97151932,67.83413242,5.194209451,6.342222222,4.849381992,49.19439549
Maldives,6,2479892676,1157.351692,0,378129.2222,627.3,36.71493032,111.1831622,0,0,2.5692744,175632.375,76.19421037,11.69999981,28.71323154,66.4847271,4.802041365,,5.492928254,
Mali,7,11656841033,99.63020861,0,15652637.89,400,35.44676695,102.4411525,9,16.92285246,4.122269944,5224843.875,56.29268293,8.280000019,47.26383746,50.04710955,2.689052992,5.826666667,4.00812379,71.83123291
Malta,14,6679029214,2602.677116,2030,417875.7778,1562.2,31.448659,101.9196787,11,20.30871126,3.10501406,178422.375,80.75670732,6.400000095,15.85176567,67.39799606,16.75023828,8.341111111,3.019529569,57.33110312
Mauritania,6,4097056788,117.8488361,307.7777778,3689591.667,0,0,104.8245121,6,31.09090363,1.805665915,1151739.125,62.11828964,31.20000076,40.81127333,56.01927613,3.169450539,3.943333333,3.553129612,51.77137707
Mauritius,15,10526650997,763.3571819,624.5555556,1252450.889,1337.74,28.05008219,105.339092,11,13.01662814,2.577251909,572078.75,73.29161585,7.824999928,21.43993716,70.48785761,8.072205227,8.136666667,4.105951114,74.1367337
Mexico,10,1.13E+12,988.9946957,310406.4444,120236083.2,729.94,0,103.6004606,12.125,23.29153947,3.183559477,51245483.88,76.12735671,4.649999976,29.50754197,64.50883215,5.983625887,6.757777778,2.127489155,67.08029263
"Micronesia, Fed. Sts.",12,262086528.4,434.4312748,0,104038.4444,0,33.18341627,0,0,0,1.194250927,0,68.66721646,0,36.17962646,59.81751488,4.002858658,,-0.18930916,
Moldova,11,6502962404,454.1160006,25173.44444,3562587.222,244.09,13.4549033,107.3996031,9,17.35841796,5.822165238,1246062.25,69.9205,5.524999976,16.38052508,73.5504727,10.06900222,6.33,3.522222234,91.71102525
Monaco,12,3319601936,5596.663997,0,36827.55556,4142.78,0,0,11,0,0.478308786,0,0,0,0,0,0,,12.29122116,
Mongolia,6,8988966101,415.5461773,25577.88889,2766695.889,464.89,27.1499805,114.9550407,12,28.50398392,2.151537344,1227717.875,67.82131098,6.585714272,27.44208246,68.67140643,3.886511108,6.501111111,8.416317442,54.4319456
Montenegro,9,4237774305,892.6377553,0,619627.8889,589.82,0,102.8132831,9,0.226500432,2.561798551,252626.25,75.17081098,18.97500014,19.48486467,67.45748045,13.05765489,6.12,2.597317236,83.29637082
Morocco,9,97103241160,368.3348678,57283.66667,32605790.78,415.59,43.1941875,101.07882,9,29.13655619,3.782605544,11778159.63,72.72367988,9.325000048,28.01244538,65.95313275,6.034421876,4.107777778,4.151664875,59.14621971
Mozambique,8,13027367435,54.35736425,8076.111111,25081660.44,757.22,42.67079252,104.5535764,0,8.992823985,2.741526921,11333221,53.41358842,22.60000038,45.75135343,50.95474776,3.293898808,4.833333333,6.983610708,75.06425887
Myanmar,15,29170936826,71.92115319,59461.66667,52202105.78,0,0,103.3924585,5,0,1.514930515,28787180.5,65.01787195,0,29.21769608,65.67496265,5.107341274,2.62,8.785179802,
Namibia,9,11101845724,692.5942014,613.8888889,2253884.778,633.02,43.5390906,105.7027707,7,21.72834782,3.411888199,840977.625,62.38355793,26.57999992,37.80020969,58.75060859,3.449181722,6.314444444,4.795948871,63.79582942
Nauru,7,0,672.9606539,0,10091.11111,0,0,0,12,0,0.647153629,0,0,23,0,0,0,,18.99354748,
Nepal,22,16601682537,123.3730047,33876.44444,27228948.33,166.49,27.09040432,111.3156495,0,39.8168347,3.531783813,14371990,68.14297561,3,36.03683815,58.90081585,5.062346001,4.364444444,4.434649757,79.09632137
Netherlands,6,8.54E+11,4772.56091,88538.44444,16669674.11,2937.58,7.382441829,102.6582982,12,28.36991157,1.411314226,8948210.625,80.81493903,4.637500048,17.21834588,66.60199613,16.17965799,9.071111111,0.75780706,44.99933381
New Zealand,10,1.61E+11,3469.311179,41526,4386277.778,2693.05,22.67473369,101.980198,10,17.78053264,1.851584096,2349788.5,80.84756097,5.737500012,20.57049687,66.01086211,13.41864102,9.224444444,1.878459793,58.12509978
Nicaragua,8,9847057560,316.0467221,0,5805263.556,592.5,37.1440409,108.7963889,7,18.25727952,3.142806863,2447517,73.72065549,6.125,32.23842638,62.98496281,4.776610806,5.494444444,3.824569696,84.33564169
Niger,10,6357559324,51.58745071,537.7777778,17058991.44,0,0,101.0283965,0,17.42505996,3.776388561,5396264.5,58.61250915,2.400000095,50.0752376,47.38841247,2.536349927,3.84,5.604372668,70.57974467
Nigeria,11,3.72E+11,236.0913618,0,164156178.8,731.68,43.09678023,112.4799308,9,22.11217355,2.671220802,50556992.88,51.42535976,14.01249993,43.96539191,53.28569654,2.748911555,3.863333333,5.710701071,70.06173431
Norway,9,4.55E+11,5683.199034,35217.77778,4953308.889,4215.43,16.69853634,100.8658756,10,38.47352761,1.392589776,2630838.125,81.12865854,3.099999994,18.62470032,66.05114382,15.32415586,9.831111111,1.171063873,40.79430591
Oman,4,64948157781,1150.601999,7726.666667,3371172.889,2087.14,29.01152786,101.33708,0,33.76870879,0.437430582,1496585.75,76.15429878,0,24.92677985,72.42182276,2.651397392,3.068888889,4.929089871,30.16676282
Pakistan,17,2.06E+11,128.7199377,0,173961473.8,239.31,4.518662774,109.2425479,12,21.01503591,2.050652881,59283934.88,65.28580793,5.41428566,36.01145571,59.55061686,4.437927436,4.451111111,3.445736845,80.45978386
Palau,6,216155555.6,1320.521791,10.44444444,20647.55556,0,0,0,12,0,2.677536266,0,0,0,0,0,0,,0.888256577,
Panama,14,35719303778,1225.607788,17053.33333,3682787,770.21,0,105.6730913,11,26.91683534,2.222579514,1708547.875,76.95646646,5.3125,28.42225457,64.60991413,6.967831304,7.165555556,7.494916138,55.92960412
Papua New Guinea,5,10307634055,99.01106327,0,7001873,274.1,0,104.3101932,0,0,0.936506814,3075126.25,62.02564634,0,38.54436069,58.6149741,2.840665208,6.301111111,7.550840073,
Paraguay,10,22823506547,666.9052406,0,6297916.667,425.61,54.50858441,106.09491,11,16.3055189,5.233796948,2982784.5,72.35741768,5.449999988,32.16779393,62.35297774,5.479228334,6.304444444,5.081370398,68.97374163
Peru,9,1.62E+11,513.5773551,0,29793773.44,492.13,17.93966567,104.0885696,12.75,22.11603349,2.256438278,15863699.88,73.7512439,4.362500012,29.15073012,64.52811946,6.321150421,6.465555556,5.666467735,62.59864431
Philippines,15,2.24E+11,252.4755006,346729,94652413.56,330.73,35.73735877,103.4670355,8.5,49.50663507,2.901077201,40227358.13,67.8523872,7.175000072,33.54712813,62.26293103,4.189940849,6.455555556,5.453450956,73.6354304
Poland,9,4.94E+11,1407.211838,525946.2222,38068728.89,905.62,13.98814413,102.181468,12,17.41368124,1.927989833,17991665.38,76.30304878,9.187500178,15.06248035,70.88876855,14.0487511,7.155555556,3.661021021,60.84259833
Portugal,11,2.33E+11,2651.544583,76358.22222,10502433,1081.73,24.31170725,102.840824,9,12.73042774,3.299674141,5508617.5,79.61097561,11.76249999,14.76204308,66.041744,19.19621292,7.894444444,-0.335262347,65.63238938
Puerto Rico,14,75770039291,0,17823.66667,3657907.667,1703.52,0,0,13.75,0,0,1301508.875,78.62874695,14,20.17290532,66.44786691,13.37922777,,-2.191208392,58.35984584
Qatar,8,1.51E+11,2744.916677,1717,1817150,4038.08,32.24073287,104.3852469,9,56.19707398,0.382274998,1297424,77.93271037,0.416666677,14.92000868,83.95875488,1.121236441,3.096666667,10.80007932,16.34868167
Romania,10,1.82E+11,937.2214862,213218.6667,20218426.56,487.08,16.84589434,102.6843958,10,22.32879663,1.073032183,9583156.75,73.85609756,6.75000006,15.68774048,68.11497168,16.19728784,6.702222222,2.158397016,62.8458343
Russian Federation,13,1.72E+12,1467.251265,902251.1111,143196451.7,686.16,16.5305611,108.6154898,10,26.49054762,2.990853843,76849192.13,69.19542683,6.3125,15.40105238,71.34035072,13.2585969,3.883333333,1.834127089,51.32442318
Rwanda,9,6304010324,105.2857484,2906.555556,10550304.89,460,21.44922414,104.3644764,6,17.67557403,4.81114549,5177867,61.43053963,3.400000095,42.02591654,55.27419853,2.699884931,3.351111111,7.51045623,77.14668992
Samoa,6,706243391.1,315.7512242,0,187578.3333,63.82,27.88332215,101.4084618,8,0,0.700202235,49755.25,72.54953659,7.199999809,38.15058984,56.77023273,5.079177428,,1.120036384,
San Marino,11,398605257.7,3290.769533,0,30892.44444,0,32.91456636,101.496733,10,0,0.373710095,0,82.96318847,4.971428531,0,0,0,,2.69609198,
Sao Tome and Principe,6,207975877.1,223.7974755,0,174881.8889,0,41.18163902,110.9603028,6,0,4.511853035,59058.125,65.86845427,13.60000038,43.09656576,53.30033084,3.603103401,,4.785994685,
Saudi Arabia,7,6.04E+11,1752.477795,111410.8889,28804328.33,1786.07,0,103.2051314,9,43.31543314,1.125755256,10428398.75,73.80530488,5.585714272,30.06024001,67.14692507,2.792834916,1.848888889,5.127573164,31.40238632
Senegal,10,13699057635,99.42957732,0,13425036.67,200,37.4325722,102.0393087,11,17.38306316,2.269847647,5674374.25,64.2357561,10.39999962,43.74273666,53.20000078,3.057262564,5.8,3.964145547,78.43122679
Serbia,7,42786513408,1215.306536,38461.77778,7241130.556,507.08,25.85181867,109.095137,8,12.01922819,3.837026611,3184631.875,74.49146342,19.50000027,17.1031636,67.26454882,15.63228757,6.528888889,1.178699267,76.19564147
Seychelles,8,1143278213,700.2646532,72.22222222,88777.88889,267.21,29.8260412,100.1279118,10,16.04044995,0.256872077,0,73.23597561,4.099999905,23.26374714,69.72735345,7.008899411,,4.498489375,49.78189902
Sierra Leone,7,3449849770,167.2328193,0,5915086.333,0,39.58040103,116.3674259,9,6.467331629,9.189359984,2222699.25,48.44011281,0,43.26433083,54.11661118,2.619057987,4.412222222,5.348708877,94.64146634
Singapore,10,2.51E+11,2993.873249,0,5154701.444,2759.38,28.85867376,104.4035513,6,47.66231987,2.689027985,2846844.25,81.58079268,2.975000024,17.00403179,73.23819552,9.757772693,5.99,5.039731799,36.92645289
Sint Maarten (Dutch part),8,0,0,8.777777778,37301.22222,0,0,103.0760595,14,0,0,0,74.43048781,0,0,0,0,,,
Slovak Republic,13,93285348022,1989.072175,53403.22222,5399304.889,947.95,15.3669203,103.1456535,10,21.21886786,2.527214732,2703393,75.51615854,12.75,15.3178559,71.97173345,12.71041065,7.34,3.157484716,56.82594514
Slovenia,10,48823061571,2514.858239,12495,2047043.667,1275.66,19.26129923,101.4140251,9,24.49747811,2.422417506,1030253,79.5820122,7.387500047,14.1700205,68.89781767,16.93216183,7.753333333,0.664245658,54.11131489
Solomon Islands,14,853340241.4,113.6028026,0,537742.8889,0,33.31871559,106.9211143,0,0,0.430325221,209936.125,67.14573781,0,40.44431462,56.26073966,3.294945716,,4.71416896,
Somalia,5,1890222222,0,0,9821475,350,0,0,0,0,0,2856526.5,54.18889939,0,47.45542113,49.70442661,2.840152253,,,
South Africa,16,3.44E+11,1010.698828,42125.88889,51644430,1400.01,13.96365575,105.9506412,9,16.49120933,4.420157933,18645171.88,54.72538415,23.9625001,30.59097265,64.41234966,4.996677682,7.764444444,2.30827608,60.22000797
South Sudan,6,11917701558,21.96215694,0,10544366.11,0,0,177.4261137,8,-9.376812531,1.718567895,0,53.91298171,13.69999981,43.12679238,53.48790443,3.385303185,,-4.290539881,66.34190264
Spain,7,1.42E+12,2944.486301,270545.8889,46350633.33,1635.15,11.49176724,102.3443396,10,20.44106137,2.449952424,23327200.5,82.02621951,19.24999976,14.69236945,67.71777351,17.58985704,8.184444444,0.067493456,57.48718597
Sri Lanka,24,60246858796,281.4137059,17645.33333,20286666.67,352.62,27.80796372,106.4635008,9,26.76624563,1.814129181,8364970.375,74.43210366,4.862500012,25.20299037,66.90655999,7.890449642,6.271111111,6.101266715,67.81148411
St. Kitts and Nevis,11,761563740.7,1175.948953,0,53010.22222,0,48.19019935,102.6446193,11,20.54423075,3.339708447,0,0,0,0,0,0,,2.068149788,66.70217034
St. Lucia,12,1286721933,791.3364845,154.8888889,178509.4444,0,46.88951148,103.2823441,10,9.463167594,3.921688754,91714.5,74.4793811,18.37142876,24.92130988,66.637948,8.440742124,,0.400486793,73.73993709
St. Vincent and the Grenadines,12,697091614.1,580.8670616,0,109289.8889,0,0,101.5104106,12,-1.95826701,1.652186399,53891,72.3832439,18.79999924,26.098438,66.92913155,6.972430459,,0.560127611,82.06711848
Sudan,4,63731987301,267.7701122,23719.22222,36916793.89,650,0,165.8382323,7.25,10.86377678,5.585687163,11328062,62.17622256,13.9000001,41.74549673,55.06357576,3.190927507,2.523333333,4.063228271,70.5729329
Suriname,9,4370529588,872.0948602,0,522768.8889,808.02,39.03085088,111.7340277,6,55.79771648,2.920305075,202382.125,70.40960671,7.133333365,28.07870063,65.31971736,6.601582007,6.681111111,3.349430226,30.49101916
Swaziland,11,3961922844,504.1690204,526.2222222,1211795,786.93,52.23672983,108.0015676,7,13.58655242,2.445299892,418491.125,48.21767683,28.20000076,38.68608627,57.91479948,3.399114249,3.082222222,3.042001293,76.9608875
Sweden,11,5.19E+11,4363.275569,50273.11111,9456479.667,3181.11,9.064609502,101.3502299,9,29.5913853,1.801551041,5006364.625,81.5277439,7.662500024,16.81702039,64.56565722,18.61732239,9.643333333,1.5555191,45.91745916
Switzerland,9,6.18E+11,5624.437479,61690.33333,7915751.333,6301.73,6.609991258,99.23144956,12,34.47177727,3.890341182,4547897.875,82.38292683,4.087499976,15.07764044,67.80596564,17.11639393,9.088888889,1.634905098,54.21861827
Syrian Arab Republic,7,4489445112,210.3821887,42139.77778,19765281.89,251.75,64.43342259,102.8698411,9,28.93563261,1.798219117,5558989,72.01447256,10.13999977,36.56217663,59.76121538,3.676607989,1.881111111,,59.08513665
Tajikistan,10,6583859319,136.088196,18637.33333,7769354.667,187.27,0,0,9,12.77386559,4.455065673,3332027.375,68.58911281,11.5,35.56569293,61.15466745,3.279639621,2.35,6.777694478,115.7737646
Tanzania,12,35453049217,108.0207048,0,47279176.78,632.67,20.43788645,116.2635945,7,19.84754752,2.58788758,22771313.75,61.86454269,2.725000024,45.14927062,51.71314621,3.137583173,5.611111111,6.667255345,60.2940114
Thailand,16,3.52E+11,756.0002875,323046.8889,67027877.33,502.78,33.48095612,103.2091936,9,29.10234886,0.935233632,39283619.25,73.73152744,0.987500012,19.03351159,71.74754085,9.218947562,5.975555556,3.14910208,53.13726628
Timor-Leste,10,1060061195,75.57910992,547,1118349,0,16.53725789,115.3003538,9,233.9645391,0.123244457,252533.125,67.27425305,5.299999952,42.33855937,53.1635113,4.497929331,7.132222222,8.435324763,75.12977743
Togo,11,3579093134,68.93306172,0,6579353.667,0,34.64555333,101.9381272,10,0.209013152,3.301220155,3000135.75,57.57803964,0,42.73562375,54.52550905,2.738867199,3.128888889,4.103491507,85.44525221
Tonga,7,344063603.6,235.7777418,0,104267.1111,0,0,102.337717,9.75,16.07740768,0.925932508,41712.625,72.26122866,0,37.35967061,56.72580097,5.914528423,,1.236684291,96.48520041
Trinidad and Tobago,15,24739258057,1601.997971,0,1334836.778,719.49,22.96356697,105.8391029,6,31.87581815,2.624930976,674688.75,69.87178659,4.942857129,20.81694589,70.67724127,8.505812849,7.097777778,1.064049498,55.36379135
Tunisia,6,44333244076,671.7979603,61745.66667,10664766.67,393.03,35.36794209,105.7371981,9,17.35742454,2.843206946,3828360.25,74.26067073,14.69999981,23.49776071,69.0256952,7.476544091,5.022222222,2.937818505,64.89405626
Turkey,7,7.36E+11,935.8433516,422035.7778,73801224.22,756.06,22.56159097,109.5621055,9.5,14.31264693,1.31089592,25891918.13,74.20504268,9.674999952,26.69848347,66.18490241,7.116614117,5.502222222,3.527030715,70.49590941
Turkmenistan,11,28794240684,222.381031,0,5110791.333,373.33,0,0,10,0,0.755744269,2187231.625,65.10399695,0,29.23731369,66.58663324,4.176053072,1.768888889,10.42881105,19.50823087
Turks and Caicos Islands,12,0,0,11.88888889,31633.11111,0,0,0,13,0,0,0,0,6.850000143,0,0,0,,,
Tuvalu,8,30179252.83,523.6655102,0,9841.777778,0,0,0,8,0,0.136231468,0,0,0,0,0,0,,2.441725481,
Uganda,13,20680253550,150.6920636,0,34363625.56,379.79,14.70086535,117.7146063,7,18.72456881,6.414532866,13432316,56.11661585,3.049999893,48.79547694,48.68059075,2.523932309,5.158888889,6.297226889,76.07091734
Ukraine,10,1.47E+11,589.1282573,553176.4444,45782405.56,357.71,12.07802112,106.685924,11,14.01670574,3.216639276,23144730.63,70.00356707,7.700000107,14.25729343,70.00744934,15.73525724,6.076666667,-1.238324326,67.353136
United Arab Emirates,11,3.32E+11,2171.802794,17589.33333,8212829.111,3081.34,31.81180171,100.3549739,6,0,0.991468175,5479627.5,76.7535122,4.099999905,14.02047631,85.13503892,0.84448477,2.595555556,2.926177623,49.46042289
United Kingdom,11,2.69E+12,3286.64463,645641.4444,63223436.56,2960.54,14.01191944,103.1962997,11,13.17873952,1.592691119,32166629.25,80.42743902,6.962500036,17.76114222,65.5874774,16.65138039,8.227777778,1.060131428,65.19255675
United States,16,1.58E+13,8411.822219,2826394.667,311557629,3258.85,10.09504147,102.7506376,12,16.98738748,8.849867176,158433454.9,78.51554878,7.500000119,19.56593693,66.99093788,13.44312518,8.121111111,1.301418066,68.1683621
Uruguay,9,43684435145,1475.633828,3847.444444,3385462.222,862.6,23.22191979,111.3838057,13.375,16.6500562,3.012205609,1714731.25,76.46840244,7.128571374,22.30574323,63.64027074,14.05398603,8.128888889,4.813717732,67.49877375
Uzbekistan,6,45062677057,267.7538901,40939.88889,29101655.56,360.72,0,0,11.5,0,3.158658674,12458738.13,67.92696037,0,29.13709029,66.12704861,4.735861094,1.873333333,8.457905983,61.28007525
Vanuatu,13,626205839.8,117.3441402,0,242049.5556,0,52.71494048,99.78440888,0,26.56992607,0.515393108,105644.125,70.96744512,4.599999905,37.78569952,58.29763763,3.91666284,,2.560107288,57.30511775
"Venezuela, RB",18,2.60E+11,862.608804,0,29411283.44,564.76,0,226.3809356,14.75,28.91927224,3.118429833,13387933.5,73.76659451,7.750000179,29.39314956,64.94380536,5.663045076,5.11,2.073928615,59.52729427
Vietnam,11,1.38E+11,293.29334,247524.1111,87906266.67,334.6,0,113.5627606,9.125,29.49326569,3.381210762,51251441.25,75.06653049,2,23.80173436,69.61679023,6.58147541,3.075555556,6.020545308,66.61791369
Virgin Islands (U.S.),13,0,0,35.66666667,105669.7778,0,0,0,0,0,0,53343.5,79.27987805,0,20.74640886,64.70428821,14.54930293,,,
"Yemen, Rep.",7,23833917860,207.4960132,2947.444444,24248538,229,0,112.6578124,9,5.753127372,3.930350909,6666554,62.90034756,15.67499995,42.11363941,55.28954525,2.596815342,2.683333333,-1.692153196,84.28368623
Zambia,10,21434000755,153.8724933,0,14398649.56,4330.98,39.24041236,106.8645456,0,31.1826756,2.337621572,6029643.25,56.63134146,7.900000095,46.42489193,50.66370143,2.911406646,5.95,6.831356871,54.16381722
Zimbabwe,10,10246212645,89.25228347,8423.222222,14339547.33,500,0,104.5449024,7,-2.204671954,4.131436258,7161105.875,50.69453963,9.266666888,41.53414995,55.32059998,3.145250067,2.743333333,3.035033321,96.07700269
